original_keyword,synonym_1,synonym_2,synonym_3,synonym_4,synonym_5,synonym_6,synonym_7,synonym_8,synonym_9,synonym_10
activism,engagement,participation,involvement,community action,civic participation,public engagement,citizen involvement,social participation,community involvement,civic action
activists,participants,organizers,community members,engaged citizens,volunteers,community leaders,organizers,participants,contributors,stakeholders
advocacy,support,promotion,representation,assistance,guidance,facilitation,encouragement,backing,endorsement,sponsorship
advocate,supporter,representative,spokesperson,champion,facilitator,mentor,guide,assistant,coordinator,liaison
advocates,supporters,representatives,spokespersons,champions,facilitators,mentors,guides,assistants,coordinators,liaisons
barrier,obstacle,challenge,constraint,limitation,impediment,difficulty,hurdle,restriction,blockage,hindrance
barriers,obstacles,challenges,constraints,limitations,impediments,difficulties,hurdles,restrictions,blockages,hindrances
biased,partial,subjective,one-sided,slanted,skewed,prejudiced,unfair,unbalanced,tilted,influenced
biased toward,partial to,favoring,preferring,inclined toward,leaning toward,oriented toward,disposed toward,tending toward,gravitating toward,predisposed to
biases,preferences,inclinations,tendencies,leanings,predispositions,partialities,subjectivities,viewpoints,perspectives,orientations
biases towards,preferences for,inclinations toward,tendencies toward,leanings toward,predispositions to,partialities for,orientations toward,affinities for,proclivities for,dispositions toward
bipoc,people of color,minority communities,diverse populations,multicultural groups,underrepresented populations,ethnic communities,diverse communities,minority populations,multicultural populations,diverse groups
black and latinx,African American and Hispanic,people of color,minority communities,diverse populations,multicultural groups,ethnic communities,underrepresented populations,diverse communities,multicultural populations,ethnic groups
community diversity,population variety,demographic heterogeneity,cultural plurality,social variety,multicultural composition,varied backgrounds,heterogeneous composition,demographic variety,population heterogeneity,social heterogeneity
community equity,social fairness,equal access,fair treatment,balanced representation,equal opportunity,fair distribution,social balance,equitable treatment,proportional representation,fair allocation
cultural differences,ethnic variations,diverse traditions,varied customs,multicultural aspects,cross-cultural elements,heritage variations,traditional variations,cultural variety,ethnic distinctions,cultural plurality
cultural heritage,traditional background,ethnic legacy,ancestral traditions,cultural history,inherited customs,traditional practices,cultural identity,ethnic background,ancestral heritage,cultural roots
culturally responsive,culturally aware,culturally sensitive,culturally appropriate,culturally informed,culturally relevant,culturally competent,cross-cultural,culturally attuned,culturally mindful,culturally adaptive
racial inequality,ethnic disparity,social disparity,demographic imbalance,population disparity,social imbalance,unequal representation,demographic inequality,population inequality,social stratification,unequal distribution
racial justice,social fairness,equal treatment,fair representation,civil rights,human rights,equal rights,social balance,fair treatment,equal access,proportional representation
racially,ethnically,demographically,by background,by heritage,by ancestry,by origin,by ethnicity,culturally,by tradition
racism,prejudice,bias,discrimination,intolerance,bigotry,xenophobia,prejudicial treatment,discriminatory behavior,unfair treatment,social prejudice
sense of belonging,inclusion,acceptance,membership,connection,attachment,affiliation,integration,participation,engagement,involvement
sexual preferences,orientation,identity,personal choices,individual preferences,lifestyle choices,personal identity,individual identity,orientation preferences,personal orientation,identity preferences
social justice,fairness,equal treatment,civil rights,human rights,fair representation,equal access,social fairness,equitable treatment,equal opportunity,fair distribution
socio cultural,social and cultural,community-based,society-related,culture-related,community-oriented,socially-informed,culturally-informed,society-focused,community-focused,socially-aware
socio economic,economic and social,financial and social,economic-related,financially-related,resource-related,economic-focused,financially-focused,economic-oriented,resource-oriented,economically-informed
sociocultural,social and cultural,community-based,society-related,culture-related,community-oriented,socially-informed,culturally-informed,society-focused,community-focused,socially-aware
socioeconomic,economic and social,financial and social,economic-related,financially-related,resource-related,economic-focused,financially-focused,economic-oriented,resource-oriented,economically-informed
status,position,standing,rank,level,tier,classification,category,grade,class,placement
stereotypes,generalizations,assumptions,preconceptions,oversimplifications,typecasting,categorizations,labels,classifications,characterizations,misconceptions
systemic,structural,institutional,organizational,system-wide,comprehensive,widespread,pervasive,embedded,ingrained,established
trauma,injury,harm,damage,distress,shock,stress,suffering,hardship,adversity,difficulty
under appreciated,undervalued,overlooked,unrecognized,underestimated,neglected,ignored,dismissed,underacknowledged,unnoticed,disregarded
under represented,underserved,overlooked,neglected,marginalized,excluded,minority,少数,insufficient representation,inadequate representation,limited representation
under served,neglected,overlooked,underresourced,inadequately supported,insufficiently served,poorly served,marginalized,excluded,underattended,underprovided
underrepresentation,insufficient representation,inadequate representation,limited representation,poor representation,minimal representation,low representation,reduced representation,diminished representation,sparse representation,scant representation
underrepresented,underserved,minority,overlooked,neglected,marginalized,excluded,少数,insufficiently represented,inadequately represented,poorly represented
underserved,neglected,overlooked,underresourced,inadequately supported,insufficiently served,poorly served,marginalized,excluded,underattended,underprovided
undervalued,underappreciated,overlooked,unrecognized,underestimated,neglected,ignored,dismissed,underacknowledged,unnoticed,disregarded
victim,survivor,affected individual,harmed person,injured party,affected party,casualty,sufferer,target,recipient,subject
women,females,female participants,female individuals,female population,female members,female researchers,female students,female professionals,female community,female cohort
women and underrepresented,females and minorities,female and minority participants,diverse participants,female and minority populations,women and minority groups,female and diverse populations,women and diverse groups,female and minority communities,women and minority individuals,female and underserved populations
disabilities,impairments,conditions,challenges,limitations,special needs,accessibility needs,functional limitations,physical challenges,cognitive challenges,developmental differences
disability,impairment,condition,challenge,limitation,special need,accessibility need,functional limitation,physical challenge,cognitive challenge,developmental difference
discriminated,treated unfairly,treated unjustly,prejudiced against,targeted,singled out,mistreated,marginalized,excluded,disadvantaged,penalized
discrimination,unfair treatment,unjust treatment,prejudicial treatment,bias,prejudice,unfairness,inequitable treatment,differential treatment,selective treatment,preferential treatment
discriminatory,prejudicial,unfair,unjust,biased,partial,inequitable,selective,preferential,unequal,one-sided
diverse backgrounds,varied experiences,different origins,mixed heritage,multicultural origins,heterogeneous backgrounds,varied histories,different experiences,mixed backgrounds,various backgrounds,assorted backgrounds
diverse communities,varied populations,different groups,mixed populations,heterogeneous groups,multicultural populations,varied communities,different communities,mixed communities,various communities,assorted communities
diverse community,varied population,different group,mixed population,heterogeneous group,multicultural population,varied community,different community,mixed community,various community,assorted community
diverse group,varied team,different cohort,mixed group,heterogeneous team,multicultural group,varied cohort,different team,mixed team,various group,assorted team
diverse groups,varied teams,different cohorts,mixed groups,heterogeneous teams,multicultural groups,varied cohorts,different teams,mixed teams,various groups,assorted teams
diversified,varied,mixed,heterogeneous,multicultural,assorted,different,various,broad,wide-ranging,eclectic
diversify,vary,mix,broaden,expand,widen,increase variety,add variety,enhance variety,create variety,introduce variety
diversifying,varying,mixing,broadening,expanding,widening,increasing variety,adding variety,enhancing variety,creating variety,introducing variety
diversity and inclusion,variety and acceptance,heterogeneity and integration,multicultural and welcoming,varied and accepting,broad and inclusive,wide-ranging and welcoming,comprehensive and accepting,extensive and integrative,expansive and accommodating,all-encompassing and welcoming
diversity equity,variety fairness,heterogeneity balance,multicultural fairness,varied fairness,broad fairness,wide-ranging balance,comprehensive fairness,extensive balance,expansive fairness,all-encompassing balance
enhance the diversity,increase variety,broaden representation,expand heterogeneity,widen participation,increase variety,add variety,boost variety,strengthen variety,improve variety,augment variety
enhancing diversity,increasing variety,broadening representation,expanding heterogeneity,widening participation,improving variety,boosting variety,strengthening variety,adding variety,augmenting variety,developing variety
equal opportunity,fair chance,even playing field,level playing field,fair access,equitable access,balanced opportunity,proportional opportunity,uniform opportunity,consistent opportunity,impartial opportunity
equality,fairness,balance,parity,evenness,uniformity,sameness,equivalence,levelness,consistency,impartiality
equitable,fair,balanced,even,level,uniform,consistent,proportional,just,impartial,unbiased
equity,fairness,balance,evenness,parity,uniformity,consistency,proportionality,justice,impartiality,levelness
ethnicity,heritage,background,ancestry,origin,culture,tradition,lineage,descent,nationality,race
excluded,left out,omitted,overlooked,shut out,barred,rejected,dismissed,ignored,neglected,sidelined
female,woman,feminine,lady,girl,she,her,womankind,womanly,female-identifying,female-presenting
females,women,ladies,girls,feminine individuals,female persons,female population,womankind,female members,female participants,female cohort
fostering inclusivity,promoting acceptance,encouraging integration,supporting inclusion,building acceptance,developing integration,cultivating acceptance,nurturing inclusion,advancing integration,facilitating acceptance,enabling integration
gender,sex,sexual identity,identity,personal identity,individual identity,biological sex,assigned sex,gender identity,gender expression,gender presentation
gender diversity,sex variety,identity variety,gender variety,identity heterogeneity,sexual identity variety,gender heterogeneity,identity mix,gender mix,sexual identity mix,identity range
genders,sexes,identities,gender identities,sexual identities,gender expressions,gender presentations,identity categories,gender categories,sex categories,identity types
hate speech,offensive language,harmful rhetoric,inflammatory language,hostile communication,abusive language,threatening language,intimidating speech,aggressive rhetoric,destructive communication,harmful discourse